,Event.Id,Investigation.Type,Accident.Number,Event.Date,Location,Country,Latitude,Longitude,Airport.Code,Airport.Name,Injury.Severity,Aircraft.damage,Aircraft.Category,Registration.Number,Make,Model,Amateur.Built,Number.of.Engines,Engine.Type,FAR.Description,Purpose.of.flight,Total.Fatal.Injuries,Total.Serious.Injuries,Total.Minor.Injuries,Total.Uninjured,Weather.Condition,Broad.phase.of.flight,Report.Status,Publication.Date,Event.Year
64807,20100608X35931,0,ENG08IA051,2008-06-27,"Phoenix (PHX), AZ",United States,033264N,0112041W,PHX,Phoenix Sky Harbor Intl.,Non-Fatal,Minor,Airplane,N514AU,Boeing,737,0.0,2.0,Turbo Fan,121,Business,0.0,0.0,0.0,0.0,VMC,,"The failure of the MLG was due to cracking in the cylinder wall resulting from a fatigue mechanism which initiated at, and near the inner diameter (ID) surface, with propagation through the wall toward the outer diameter(OD) surface. Crack initiation was due to base metal damage which took the form of over tempered martensite (OTM) and chemical attack/pitting of the base metal.",25-09-2020,2008
65457,20081219X65313,0,ENG08IA042,2008-10-01,"Chicago, IL",United States,415321N,0873713W,MDW,Chicago Midway,Non-Fatal,Minor,Airplane,N551WN,Boeing,737,0.0,2.0,Turbo Fan,121,Business,0.0,0.0,0.0,133.0,VMC,,The right nose landing gear axle's failure from intergranular and fatigue cracking due to an earlier bearing failure.,03-11-2020,2008
65529,20100304X92243,0,ENG08WA050,2008-10-18,"Belgrade, Serbia, Suriname",Suriname,,,LYBE,"Nicola Tesla, Belgrade, Serbia",Non-Fatal,Minor,Airplane,D-AXLF,Boeing,737,0.0,2.0,Turbo Fan,NUSC,Business,0.0,0.0,0.0,189.0,VMC,,,03-11-2020,2008
65570,20081219X65316,0,ENG08WA045,2008-10-28,"Denpasar, Bali, Indonesia",Indonesia,,,,Ngurah Rai Airport Bali,,Minor,Airplane,PK-GZI,Boeing,737,0.0,2.0,Turbo Fan,NUSC,Business,0.0,0.0,0.0,0.0,VMC,,,03-11-2020,2008
66300,20091105X31033,0,DCA10WA008,2009-05-02,"Antalya, Turkey",Turkey,,,,,,Minor,,F-GFUF,Boeing,737,0.0,2.0,Turbo Fan,NUSC,Business,0.0,0.0,0.0,0.0,VMC,,,03-11-2020,2009
66356,20090513X31333,0,CEN09IA294,2009-05-13,"Houston, TX",United States,293826N,0951626W,HOU,William P. Hobby Airport,Non-Fatal,Minor,Airplane,N371SW,Boeing,737,0.0,2.0,Turbo Fan,121,Business,0.0,2.0,0.0,51.0,VMC,,"The pilot's inadvertent application of excessive braking after touchdown, which caused the right wheels to lock and several tires to blow and resulted in a subsequent brake fire.",25-09-2020,2009
67151,20090909X82446,0,ENG09IA014,2009-09-08,"Los Angeles, CA",United States,335633N,1182426W,KLAX,Los Angeles International,Non-Fatal,Minor,Airplane,N670SW,Boeing,737,0.0,2.0,Turbo Fan,121,Business,0.0,0.0,0.0,142.0,VMC,,The failure of the right main landing gear inboard axle due to fatigue cracking as a result of fretting damage in one of the brake mounting bolt holes.,25-09-2020,2009
67261,20091028X00540,0,ENG10WA002,2009-09-29,"Birgi, Trapani, Sicily, Italy, Italy",Italy,,,LICT,Trapani Birgi,Non-Fatal,Minor,Airplane,EI-DWD,Boeing,737,0.0,2.0,Turbo Fan,NUSC,Business,0.0,0.0,0.0,171.0,VMC,,,03-11-2020,2009
67271,20091005X53525,0,ENG09RA019,2009-10-02,"Kuching, Malaysia",Malaysia,,,WBGG,Kuching International Airport,Non-Fatal,Minor,Airplane,9M-MMR,Boeing,737,0.0,2.0,Turbo Fan,UNK,Business,0.0,0.0,0.0,149.0,VMC,,,03-11-2020,2009
67350,20091123X11730,0,ENG10WA004,2009-10-19,"Melbourne Airport, Australia",Australia,,,MEL,Melbourne Airport,,Minor,Airplane,VH-VUI,Boeing,737,0.0,2.0,Turbo Fan,NUSC,Business,0.0,0.0,0.0,0.0,VMC,,,03-11-2020,2009
67399,20091123X21949,0,ENG10WA005,2009-10-30,"Jakarta, Indonesia",Indonesia,,,WIII,Soekarno-Hatta Airport,Non-Fatal,Minor,,PK-GGQ,Boeing,737,0.0,2.0,Turbo Fan,UNK,Business,0.0,0.0,0.0,56.0,VMC,,,03-11-2020,2009
67600,20100107X40353,0,DCA10WA019,2010-01-04,"Hahn, Germany",Germany,,,,"Hahn, Germany",Non-Fatal,Minor,Airplane,EI-DAK,Boeing,737,0.0,2.0,Turbo Fan,NUSC,Business,0.0,5.0,0.0,148.0,VMC,,,03-11-2020,2010
67705,20100315X23818,0,DCA10WA037,2010-02-08,"Peshawar, Pakistan",Pakistan,,,,,,Minor,Airplane,AP-BIK,Boeing,737,0.0,2.0,Turbo Fan,NUSC,Business,0.0,0.0,0.0,0.0,VMC,,,03-11-2020,2010
67723,20100305X52436,0,DCA10WA035,2010-02-13,"SURABAYA, Indonesia",Indonesia,,,,Juanda Airport,Non-Fatal,Minor,Airplane,PK-YTR,Boeing,737,0.0,2.0,Turbo Fan,NUSC,Business,0.0,0.0,0.0,125.0,VMC,,<br /><br />,03-11-2020,2010
67783,20111122X95137,0,DCA12WA015,2010-03-01,"Brussels, Belgium",Belgium,,,,,Non-Fatal,Minor,Airplane,EIDYI,Boeing,737,0.0,2.0,Turbo Fan,NUSC,Business,0.0,0.0,0.0,146.0,VMC,,<br /><br />,03-11-2020,2010
68271,20100628X25535,0,DCA10WA071,2010-06-06,"Amsterdam Schiphol IAP, Netherlands (the)",Netherlands,,,EHAM,Amsterdam Schiphol IAP,Non-Fatal,Minor,Airplane,CN-RMF,Boeing,737,0.0,2.0,Turbo Fan,NUSC,Business,0.0,0.0,0.0,162.0,VMC,,,03-11-2020,2010
68559,20100824X84240,0,DCA10WA086,2010-07-22,"Taipei, Taiwan (Province of China)",Taiwan,,,,Taoyuan International,Non-Fatal,Minor,Airplane,B-18612,Boeing,737,0.0,2.0,Turbo Fan,NUSC,Business,0.0,0.0,0.0,96.0,VMC,,,03-11-2020,2010
69184,20101115X24123,0,DCA11WA007,2010-11-04,"Puerto Vallerta, Mexico",Mexico,,,PVR,Licenciado Gustavo DÃ­az Ordaz,,Minor,Airplane,XA-UHY,Boeing,737,0.0,2.0,Turbo Fan,NUSC,Business,0.0,0.0,0.0,0.0,VMC,,,03-11-2020,2010
69540,20110222X14949,0,DCA11WA028,2011-02-14,"Pekanbaru, Indonesia",Indonesia,,,WIBB,Pekanbaru,Non-Fatal,Minor,Airplane,PK-LFI,Boeing,737,0.0,2.0,Turbo Fan,NUSC,Business,0.0,0.0,0.0,216.0,VMC,,<br /><br />,03-11-2020,2011
69548,20110222X15822,0,DCA11WA029,2011-02-15,"Pekanbaru, Indonesia",Indonesia,,,WIBB,Pekanbaru,Non-Fatal,Minor,Airplane,PK-LHH,Boeing,737,0.0,2.0,Turbo Fan,NUSC,Business,0.0,0.0,0.0,226.0,VMC,,<br /><br />,03-11-2020,2011
69962,20110517X44217,0,DCA11WA058,2011-05-14,"Cuenca, Spain",Spain,,,,,,Minor,,HC-CJB,Boeing,737,0.0,2.0,Turbo Fan,UNK,Business,0.0,0.0,0.0,0.0,VMC,,,03-11-2020,2011
70770,20111005X13055,0,DCA11WA109,2011-09-10,"Phuket, Thailand",Thailand,,,,,Non-Fatal,Minor,,B-5088,Boeing,737,0.0,2.0,Turbo Fan,129,Business,0.0,0.0,0.0,136.0,VMC,,,03-11-2020,2011
70924,20120731X03739,0,ENG12RA028,2011-10-10,"Antalya, Turkey",Turkey,,,LTAI,"Antalya, Turkey",,Minor,Airplane,TC-SKF,Boeing,737,0.0,2.0,Turbo Fan,129,Business,0.0,0.0,0.0,0.0,VMC,,,25-09-2020,2011
71152,20111207X90134,0,DCA12WA018,2011-12-04,"Seoul, South Korea",South Korea,,,,,,Minor,Airplane,HL-7796,Boeing,737,0.0,2.0,Turbo Fan,NUSC,Business,0.0,0.0,0.0,0.0,VMC,,,25-09-2020,2011
71249,20120117X54454,0,DCA12WA025,2012-01-09,"Fort Nelson, Canada",Canada,,,,,Non-Fatal,Minor,Airplane,C-GDEJ,Boeing,737,0.0,2.0,Turbo Fan,UNK,Business,0.0,0.0,0.0,118.0,VMC,,,25-09-2020,2012
71325,20120207X35615,0,DCA12WA034,2012-02-06,"Brussels, Belgium",Belgium,,,,,Non-Fatal,Minor,,EI-DCK,Boeing,737,0.0,2.0,Turbo Fan,121,Business,0.0,0.0,0.0,175.0,VMC,,,03-11-2020,2012
71647,20130110X10345,0,DCA12WA161,2012-04-22,"Karachi, Pakistan",Pakistan,,,,,Non-Fatal,Minor,Airplane,AP-BJN,Boeing,737,0.0,2.0,Turbo Fan,NUSC,Business,0.0,0.0,0.0,171.0,VMC,,,03-11-2020,2012
72565,20120907X45709,0,DCA12RA143,2012-09-05,"Mexico City, Mexico",Mexico,,,MEX,Mexico Intl,,Minor,Airplane,XA-JOY,Boeing,737,0.0,2.0,Turbo Fan,NUSC,Business,0.0,0.0,0.0,0.0,VMC,,,03-11-2020,2012
72613,20120915X93925,0,DCA12WA147,2012-09-13,"Riyadh, Saudi Arabia",Saudi Arabia,,,,,,Minor,,CN-ROP,Boeing,737,0.0,2.0,Turbo Fan,NUSC,Business,0.0,0.0,0.0,0.0,VMC,,,03-11-2020,2012
72802,20121019X60625,0,DCA13WA005,2012-10-19,"Glasgow, United Kingdom",United Kingdom,,,,,Non-Fatal,Minor,,G-GDFJ,Boeing,737,0.0,2.0,Turbo Fan,129,Business,0.0,0.0,0.0,189.0,VMC,,,03-11-2020,2012
72804,20121023X21517,1,DCA13WA007,2012-10-19,"Pontianak, Indonesia",Indonesia,,,WIOO,Pontianak,Non-Fatal,Minor,Airplane,PK-CKN,Boeing,737,1.0,2.0,Turbo Fan,NUSC,Business,0.0,0.0,0.0,160.0,IMC,,,03-11-2020,2012
72834,20121120X34219,0,DCA13WA023,2012-10-24,"Casablanca, Macao",Macao,,,,Casablanca,,Minor,,CN-ROA,Boeing,737,0.0,2.0,Turbo Fan,NUSC,Business,0.0,0.0,0.0,0.0,VMC,,,03-11-2020,2012
72857,20121212X13756,0,DCA13WA029,2012-11-01,"Pontianak, Indonesia",Indonesia,,,,,,Minor,Airplane,PK-LIF,Boeing,737,0.0,2.0,Turbo Fan,NUSC,Business,0.0,0.0,0.0,0.0,VMC,,,25-09-2020,2012
73156,20130213X92000,0,DCA13WA054,2013-02-03,"Seoul, South Korea",South Korea,,,,Gimpo,Non-Fatal,Minor,Airplane,HL7780,Boeing,737,0.0,2.0,Turbo Fan,NUSC,Business,0.0,0.0,0.0,193.0,VMC,,,25-09-2020,2013
73180,20130211X85637,1,DCA13WA053,2013-02-11,"Muscat, Mauritius",Mauritius,,,,,Non-Fatal,Minor,,AP-BEH,Boeing,737,0.0,2.0,Turbo Fan,NUSC,Business,0.0,0.0,0.0,107.0,VMC,,,03-11-2020,2013
73263,20130307X30024,0,DCA13WA064,2013-03-06,"Keflavik, Iceland",Iceland,,,,Keflavik,,Minor,,OY-PSE,Boeing,737,0.0,2.0,Turbo Fan,,Business,0.0,0.0,0.0,0.0,VMC,,,25-09-2020,2013
73269,20131030X35610,0,DCA13WA167,2013-03-08,"Quetta, Pakistan",Pakistan,,,,,,Minor,Airplane,AP-BFT,Boeing,737,0.0,2.0,Turbo Fan,,Business,0.0,0.0,0.0,0.0,VMC,,,03-11-2020,2013
73348,20130517X70723,0,DCA13WA093,2013-03-27,"Valencian, Spain",Spain,,,,,Non-Fatal,Minor,,EI-DLE,Boeing,737,0.0,2.0,Turbo Fan,NUSC,Business,0.0,0.0,0.0,176.0,VMC,,,03-11-2020,2013
74182,20131107X31340,0,DCA13WA170,2013-09-01,"Dar Es Salaam, Tanzania, United Republic of",Tanzania,061350S,0391340E,,,,Minor,Airplane,A40-BB,Boeing,737,0.0,2.0,Turbo Fan,NUSC,Business,0.0,0.0,0.0,0.0,VMC,,,25-09-2020,2013
74473,20131112X04530,0,DCA14WA010,2013-11-07,"Buenas Aires, Argentina",Argentina,343332S,0582459W,,,Non-Fatal,Minor,Airplane,LV-CYO,Boeing,737,0.0,2.0,Turbo Fan,,Business,0.0,0.0,0.0,175.0,VMC,,,03-11-2020,2013
76149,20160601X80242,0,DCA15WA212,2014-12-30,"Lahore, Pakistan",Pakistan,313032N,0742419E,,,,Minor,Airplane,AP-BJN,Boeing,737,0.0,2.0,Turbo Fan,NUSC,Business,0.0,0.0,0.0,0.0,VMC,,,25-09-2020,2014
76874,20150709X73105,0,DCA15WA147,2015-06-30,"Tanegashima, Japan",Japan,,,,,,Minor,,JA8525,Boeing,737,0.0,2.0,Turbo Fan,,Business,0.0,0.0,0.0,0.0,VMC,,,25-09-2020,2015
76956,20151203X82438,0,ENG15WA036,2015-07-16,"Quetta, Pakistan",Pakistan,301424N,0665624E,OPQT,Quetta International Airport,,Minor,Airplane,AP-BJT,Boeing,737,0.0,2.0,Turbo Fan,,Business,0.0,0.0,0.0,0.0,UNK,,,25-09-2020,2015
77087,20150805X75232,0,CEN15IA337,2015-08-05,"Denver, CO",United States,395142N,1044023W,KDEN,Denver International Airport,Non-Fatal,Minor,Airplane,N779SW,Boeing,737,0.0,2.0,Turbo Fan,121,Business,0.0,0.0,0.0,148.0,VMC,,"The gate lead/pushback driver's failure to recognize that the provisioning truck was within the safety zone of the gate during his walkaround due to distractions, which resulted in the subsequent collision between the airplane and the truck. Contributing to the collision was the provisioning truck driver's failure to recognize he was parked in the safety zone of an active gate adjacent to his assigned gate, and the guide agent's improper assumption that the safety zone was properly cleared by the gate lead/pushback driver.",25-09-2020,2015
77271,20150921X31350,1,DCA15WA188,2015-09-05,"Tambacounda, Singapore",Singapore,046256N,0134010W,,,Fatal,Minor,Airplane,3C-LLY,Boeing,737,0.0,2.0,Turbo Fan,NUSC,Business,7.0,0.0,0.0,112.0,VMC,,,25-09-2020,2015
77495,20151022X40219,0,DCA16WA007,2015-10-20,"Paderborn, Germany",Germany,,,,,,Minor,Airplane,TC-SEE,Boeing,737,0.0,2.0,Turbo Fan,,Business,0.0,0.0,0.0,0.0,VMC,,,25-09-2020,2015
77537,20151103X94029,0,DCA16WA016,2015-11-02,"Nicosia, Cyprus",Cyprus,,,,,Non-Fatal,Minor,Airplane,TC-CPO,Boeing,737,0.0,2.0,Turbo Fan,,Business,0.0,0.0,0.0,185.0,VMC,,,25-09-2020,2015
77654,20151210X51647,0,DCA16WA029,2015-12-06,"Singapore, Senegal",Senegal,,,,,,Minor,,9V-MGM,Boeing,737,0.0,2.0,Turbo Fan,,Business,0.0,0.0,0.0,0.0,VMC,,,25-09-2020,2015
77785,20160218X53651,0,DCA16WA095,2016-01-16,"Kiev, Ukraine",Ukraine,,,,Zhuliany,,Minor,Airplane,UR-GBA,Boeing,737,0.0,2.0,Turbo Fan,NUSC,Business,0.0,0.0,0.0,0.0,IMC,,,25-09-2020,2016
77887,20160218X94149,1,DCA16CA094,2016-02-17,"Detroit, MI",United States,421227N,0083217W,DTW,DETROIT METROPOLITAN WAYNE COU,Non-Fatal,Minor,Airplane,N925NN,Boeing,737,0.0,2.0,Turbo Fan,121,Business,0.0,0.0,0.0,155.0,VMC,,"N925NN flight crew's incorrect evaluation of the clearance between the two aircraft, leading to the inadvertent collision of the winglet with the horizontal stabilizer and elevator of N784SW.",25-09-2020,2016
77942,20160329X10519,0,DCA16WA111,2016-03-05,"Billund, Denmark",Denmark,,,,,,Minor,Airplane,TC-TJP,Boeing,737,0.0,2.0,Turbo Fan,,Business,0.0,0.0,0.0,0.0,VMC,,,25-09-2020,2016
77985,20160324X25327,0,DCA16WA109,2016-03-20,"Cusco, Peru",Peru,,,,,,Minor,Airplane,OB-2041P,Boeing,737,0.0,2.0,Turbo Fan,,Business,0.0,0.0,0.0,0.0,VMC,,,25-09-2020,2016
77987,20160330X40458,0,DCA16WA115,2016-03-20,"Cusco, Peru",Peru,,,,,,Minor,Airplane,OB-2041P,Boeing,737,0.0,2.0,Turbo Fan,129,Business,0.0,0.0,0.0,0.0,VMC,,,25-09-2020,2016
78130,20170301X30528,0,DCA16WA244,2016-04-23,"Apia, Antarctica",Antarctica,,,,,,Minor,Airplane,VH-YIW,Boeing,737,0.0,2.0,Turbo Fan,129,Business,0.0,0.0,0.0,0.0,VMC,,,25-09-2020,2016
78150,20160521X95152,0,DCA16WA160,2016-04-27,"Guangzhou, China",China,,,,,,Minor,Airplane,B-2117,Boeing,737,0.0,2.0,Turbo Fan,,Business,0.0,0.0,0.0,0.0,VMC,,,25-09-2020,2016
78715,20160828X14750,0,DCA16WA216,2016-08-02,"Mbuji Mayi, Central Africa",Central Africa,006716S,0023348E,,,Non-Fatal,Minor,Airplane,9Q-DBJ,Boeing,737,0.0,2.0,Turbo Fan,NUSC,Business,0.0,0.0,0.0,7.0,VMC,,,25-09-2020,2016
79322,20161221X74130,0,DCA17WA045,2016-12-06,"Darwin, Australia",Australia,,,,,,Minor,Airplane,VH-VUI,Boeing,737,0.0,2.0,Turbo Fan,,Business,0.0,0.0,0.0,0.0,VMC,,,25-09-2020,2016
79376,20161230X95149,0,DCA17WA048,2016-12-25,"Addis Ababa, Ethiopia",Ethiopia,085840N,0384758E,,,,Minor,Airplane,SU-GEA,Boeing,737,0.0,2.0,Turbo Fan,NUSC,Business,0.0,0.0,0.0,0.0,VMC,,,25-09-2020,2016
79413,20170111X63040,0,DCA17WA055,2017-01-06,"Brisbane, Australia",Australia,,,,,,Minor,Airplane,VH-VUH,Boeing,737,0.0,2.0,Turbo Fan,NUSC,Business,0.0,0.0,0.0,0.0,VMC,,,25-09-2020,2017
79459,20170222X73751,0,DCA17WA068,2017-01-22,"Dhaka, India",India,,,,Dhaka,Non-Fatal,Minor,Airplane,VT-JTD,Boeing,737,0.0,2.0,Turbo Fan,,Business,0.0,0.0,0.0,2.0,VMC,,,25-09-2020,2017
79499,20170222X73532,0,DCA17WA067,2017-02-03,"Edinburgh, United Kingdom",United Kingdom,,,,,Non-Fatal,Minor,Airplane,TF-BBB,Boeing,737,0.0,2.0,Turbo Fan,,Business,0.0,0.0,0.0,2.0,VMC,,,25-09-2020,2017
79753,20170425X30818,0,DCA17WA098,2017-04-11,"Dublin, Ireland",Ireland,,,,,,Minor,Airplane,EI-DAS,Boeing,737,0.0,2.0,Turbo Fan,NUSC,Business,0.0,0.0,0.0,0.0,VMC,,,25-09-2020,2017
79819,20170502X65623,1,DCA17WA106,2017-04-28,"Keflavik, Iceland",Iceland,,,,,Non-Fatal,Minor,Airplane,YL-PSH,Boeing,737,0.0,2.0,Turbo Fan,,Business,0.0,0.0,0.0,141.0,VMC,,,25-09-2020,2017
79950,20170602X60318,0,DCA17WA132,2017-05-25,"Santa Cruz, Saint Barthelemy",Saint Barthelemy,,,,,,Minor,Airplane,CP-2925,Boeing,737,0.0,2.0,Turbo Fan,NUSC,Business,0.0,0.0,0.0,0.0,VMC,,,25-09-2020,2017
80015,20170606X53929,0,DCA17WA135,2017-06-04,"Cusco, Peru",Peru,,,,,,Minor,Airplane,OB-2135-P,Boeing,737,0.0,2.0,Turbo Fan,NUSC,Business,0.0,0.0,0.0,0.0,VMC,,,25-09-2020,2017
80054,20170615X11123,0,DCA17WA141,2017-06-13,"Jakarta, Indonesia",Indonesia,,,,,Non-Fatal,Minor,Airplane,9M-MXH,Boeing,737,0.0,2.0,Turbo Fan,NUSC,Business,0.0,0.0,0.0,67.0,VMC,,,25-09-2020,2017
80230,20170712X52625,0,DCA17WA149,2017-07-11,"Helsinki, Finland",Finland,,,,,,Minor,Airplane,LN-NHF,Boeing,737,0.0,2.0,Turbo Fan,NUSC,Business,0.0,0.0,0.0,0.0,VMC,,,25-09-2020,2017
80276,20170727X45605,1,DCA17WA160,2017-07-18,"Wamena, Indonesia",Indonesia,,,,,,Minor,Airplane,PK-YGG,Boeing,737,0.0,2.0,Turbo Fan,,Business,0.0,0.0,0.0,0.0,VMC,,,25-09-2020,2017
80422,20180325X55430,0,DCA17WA225,2017-08-08,"Dubai, Turks And Caicos",Turks And Caicos,,,,Dubai,,Minor,Airplane,A6-FDS,Boeing,737,0.0,2.0,Turbo Fan,NUSC,Business,0.0,0.0,0.0,0.0,VMC,,,25-09-2020,2017
80605,20191030X74808,0,DCA17WA229,2017-09-11,"Conakry, Guinea",Guinea,,,GUCY,Conakry Gbessia International,,Minor,Airplane,CN-ROJ,Boeing,737,0.0,2.0,Turbo Fan,NUSC,Business,0.0,0.0,0.0,0.0,VMC,,,26-09-2020,2017
80647,20170925X90335,0,DCA17WA204,2017-09-17,"Aqaba, Jordan",Jordan,,,,,Non-Fatal,Minor,Airplane,JY-SOA,Boeing,737,0.0,2.0,Turbo Fan,NUSC,Business,0.0,0.0,0.0,132.0,VMC,,,25-09-2020,2017
80649,20170921X31237,0,DCA17WA201,2017-09-19,"Mumbai, India",India,,,,,Non-Fatal,Minor,Airplane,VT-SGZ,Boeing,737,0.0,2.0,Turbo Fan,NUSC,Business,0.0,0.0,0.0,189.0,VMC,,,25-09-2020,2017
80869,20171129X73558,0,DCA18WA025,2017-11-16,"Singapore, Senegal",Senegal,,,,,,Minor,Airplane,VP-CAM,Boeing,737,0.0,2.0,Turbo Fan,NUSC,Business,0.0,0.0,0.0,0.0,VMC,,,25-09-2020,2017
80884,20171127X21550,0,DCA18WA023,2017-11-19,"Guayaquil, Spain",Spain,,,,,Non-Fatal,Minor,Airplane,YV2937,Boeing,737,0.0,2.0,Turbo Fan,NUSC,Business,0.0,0.0,0.0,86.0,VMC,,,25-09-2020,2017
80901,20171211X03456,0,DCA18WA038,2017-11-22,"Foz do Iguacu County, Brazil",Brazil,,,,,Non-Fatal,Minor,Airplane,PR-GXQ,Boeing,737,0.0,2.0,Turbo Fan,NUSC,Business,0.0,0.0,0.0,125.0,VMC,,,25-09-2020,2017
80978,20171219X15432,0,DCA18WA054,2017-12-13,"Cusco, Peru",Peru,,,,,Non-Fatal,Minor,Airplane,OB-212-P,Boeing,737,0.0,2.0,Turbo Fan,NUSC,Business,0.0,0.0,0.0,73.0,VMC,,,25-09-2020,2017
81051,20180112X94839,0,DCA18WA076,2018-01-10,"London, United Kingdom",United Kingdom,,,,,,Minor,Airplane,9H-BBJ,Boeing,737,0.0,2.0,Turbo Fan,NUSN,Business,0.0,0.0,0.0,0.0,VMC,,,25-09-2020,2018
81080,20180224X51721,0,DCA18WA100,2018-01-17,"Auckland, New Zealand",New Zealand,,,,,,Minor,Airplane,VH-YIR,Boeing,737,0.0,2.0,Turbo Fan,NUSC,Business,0.0,0.0,0.0,0.0,VMC,,,25-09-2020,2018
81241,20180308X85451,0,DCA18WA103,2018-03-04,"Guayaquil, Spain",Spain,,,,,,Minor,Airplane,YV3158,Boeing,737,0.0,2.0,Turbo Fan,129,Business,0.0,0.0,0.0,0.0,VMC,,,25-09-2020,2018
81372,20180423X65211,0,DCA18WA157,2018-04-11,"Lahore, Pakistan",Pakistan,,,,,Non-Fatal,Minor,Airplane,AP-BMU,Boeing,737,0.0,2.0,Turbo Fan,NUSC,Business,0.0,0.0,0.0,6.0,VMC,,,25-09-2020,2018
81461,20180501X75143,0,DCA18WA160,2018-04-29,"Gorontalo, Indonesia",Indonesia,,,WMAG,Jalauddin Airport,,Minor,Airplane,PK-LOO,Boeing,737,0.0,2.0,Turbo Fan,NUSC,Business,0.0,0.0,0.0,0.0,VMC,,,25-09-2020,2018
81804,20180627X53405,0,DCA18WA229,2018-06-26,"Koln, Germany",Germany,,,,,Non-Fatal,Minor,Airplane,D-ABKM,Boeing,737,0.0,2.0,Turbo Fan,129,Business,0.0,0.0,0.0,157.0,VMC,,,25-09-2020,2018
82017,20180810X45019,0,DCA18WA263,2018-07-28,"Birmingham, United Kingdom",United Kingdom,,,,,,Minor,Airplane,YR-BMF,Boeing,737,0.0,2.0,Turbo Fan,NUSC,Business,0.0,0.0,0.0,0.0,VMC,,,25-09-2020,2018
82130,20180816X71632,1,DCA18WA268,2018-08-16,"Manila, Philippines",Philippines,,,,,,Minor,Airplane,B-5498,Boeing,737,0.0,2.0,Turbo Fan,NUSC,Business,0.0,0.0,0.0,0.0,VMC,,,25-09-2020,2018
82304,20181016X82218,0,DCA18WA306,2018-09-12,"Belgrade, Suriname",Suriname,,,,Belgrade,,Minor,Airplane,SU-GCO,Boeing,737,0.0,2.0,Turbo Fan,NUSC,Business,0.0,0.0,0.0,0.0,VMC,,,25-09-2020,2018
82368,20181016X81715,0,DCA18WA305,2018-09-26,"Chattogram, Bangladesh",Bangladesh,,,,,Non-Fatal,Minor,Airplane,S2-AJA,Boeing,737,0.0,2.0,Turbo Fan,NUSC,Business,0.0,0.0,0.0,173.0,VMC,,,25-09-2020,2018
82552,20181109X13756,1,DCA19WA022,2018-11-05,"Callao, Peru",Peru,,,,,,Minor,Airplane,YV2928,Boeing,737,0.0,2.0,Turbo Fan,NUSC,Business,0.0,0.0,0.0,0.0,VMC,,,25-09-2020,2018
82609,20181126X95421,0,DCA19WA026,2018-11-22,"La Paz, Saint Barthelemy",Saint Barthelemy,,,,,Non-Fatal,Minor,Airplane,OB2041,Boeing,737,0.0,2.0,Turbo Fan,NUSC,Business,0.0,0.0,0.0,127.0,VMC,,,25-09-2020,2018
82631,20181130X13652,0,DCA19WA028,2018-11-28,"Manaus, Brazil",Brazil,,,,,Non-Fatal,Minor,Airplane,YV-2937,Boeing,737,0.0,2.0,Turbo Fan,ARMF,Business,0.0,0.0,0.0,44.0,VMC,,,25-09-2020,2018
82667,20181214X73427,0,DCA19WA044,2018-12-12,"Tijuana, Mexico",Mexico,,,,Tijuana,,Minor,Airplane,XA-ADV,Boeing,737,0.0,2.0,Turbo Fan,NUSC,Business,0.0,0.0,0.0,0.0,VMC,,,25-09-2020,2018
82731,20210310102738,0,ENG21WA016,2019-01-03,"Lagos, Nigeria",Nigeria,,,,,Non-Fatal,Minor,Airplane,5N-AIS,Boeing,737,0.0,2.0,Turbo Fan,NUSC,Business,0.0,0.0,0.0,119.0,VMC,,,,2019
82774,20190129X84331,0,DCA19WA067,2019-01-21,"Ndjili, Central Africa",Central Africa,,,,,,Minor,Airplane,9S-AHJ,Boeing,737,0.0,2.0,Turbo Fan,129,Business,0.0,0.0,0.0,0.0,VMC,,,26-09-2020,2019
82800,20190327X80000,0,DCA19WA127,2019-01-29,"Frankfurt, Germany",Germany,,,,,,Minor,Airplane,EIGXG,Boeing,737,0.0,2.0,Turbo Fan,NUSC,Business,0.0,0.0,0.0,0.0,VMC,,,26-09-2020,2019
82847,20190301X44936,0,DCA19WA087,2019-02-16,"Pontianak, Indonesia",Indonesia,,,,,,Minor,Airplane,PK-LPS,Boeing,737,0.0,2.0,Turbo Fan,129,Business,0.0,0.0,0.0,0.0,VMC,,,26-09-2020,2019
82926,20190311X61805,1,DCA19CA105,2019-03-11,"Atlanta, GA",United States,333825N,0842539W,KATL,Hartsfield-Jackson Atlanta Int,Non-Fatal,Minor,Airplane,N3756,Boeing,737,0.0,2.0,Turbo Fan,121,Business,0.0,0.0,0.0,406.0,VMC,,,13-12-2021,2019
82948,20190401X23202,0,DCA19WA131,2019-03-15,"Jogyakarta, Indonesia",Indonesia,,,,,,Minor,Airplane,PK-GFL,Boeing,737,0.0,2.0,Turbo Fan,NUSC,Business,0.0,0.0,0.0,0.0,VMC,,,26-09-2020,2019
83299,20190613X74751,0,DCA19WA162,2019-06-05,"Singapore, Senegal",Senegal,,,,,,Minor,Airplane,HS-KMC,Boeing,737,0.0,2.0,Turbo Fan,129,Business,0.0,0.0,0.0,0.0,VMC,,,26-09-2020,2019
83377,20190627X10605,0,DCA19WA175,2019-06-15,"Lagos, Nigeria",Nigeria,,,,,Non-Fatal,Minor,Airplane,5N-BUK,Boeing,737,0.0,2.0,Turbo Fan,NUSC,Business,0.0,0.0,0.0,113.0,VMC,,,26-09-2020,2019
83401,20190625X53513,0,DCA19WA173,2019-06-20,"Bandung, Indonesia",Indonesia,,,,,Non-Fatal,Minor,Airplane,9M-LCK,Boeing,737,0.0,2.0,Turbo Fan,NUSC,Business,0.0,0.0,0.0,122.0,VMC,,,26-09-2020,2019
83481,20190718X10740,0,DCA19WA180,2019-06-30,"Mangalore, India",India,,,,Mangalore,,Minor,Airplane,VT-AYA,Boeing,737,0.0,2.0,Turbo Fan,NUSC,Business,0.0,0.0,0.0,0.0,VMC,,,26-09-2020,2019
83492,20190715X70511,0,DCA19WA176,2019-07-02,"Mumbai, India",India,,,,,,Minor,Airplane,VT-SYK,Boeing,737,0.0,2.0,Turbo Fan,NUSC,Business,0.0,0.0,0.0,0.0,VMC,,,26-09-2020,2019
83541,20190718X15108,0,DCA19WA184,2019-07-11,"San Jose, Philippines",Philippines,,,,,Non-Fatal,Minor,Airplane,N86534,Boeing,737,0.0,2.0,Turbo Fan,121,Business,0.0,0.0,0.0,156.0,VMC,,,26-09-2020,2019
83544,20190715X65716,0,DCA19WA177,2019-07-12,"Kiev, Ukraine",Ukraine,,,,,,Minor,Airplane,EW336PA,Boeing,737,0.0,2.0,Turbo Fan,NUSC,Business,0.0,0.0,0.0,0.0,VMC,,,26-09-2020,2019
83691,20190813X51350,0,DCA19WA195,2019-08-03,"El Alto, Saint Barthelemy",Saint Barthelemy,,,,,Non-Fatal,Minor,Airplane,CP-3077,Boeing,737,0.0,2.0,Turbo Fan,NUSC,Business,0.0,0.0,0.0,99.0,VMC,,,26-09-2020,2019
83706,20190808X43724,1,DCA19CA192,2019-08-06,"San Francisco, CA",United States,374646N,1222513W,,,,Minor,Airplane,N37437,Boeing,737,0.0,2.0,Turbo Fan,121,Business,0.0,0.0,0.0,0.0,VMC,,,,2019
83788,20190918X14853,0,DCA19WA217,2019-08-20,"Cape Town, South Africa",South Africa,,,,,,Minor,Airplane,ZS-JRM,Boeing,737,0.0,2.0,Turbo Fan,NUSC,Business,0.0,0.0,0.0,0.0,VMC,,,26-09-2020,2019
84215,20191202X53600,0,DCA20WA030,2019-11-21,"Odesa, Ukraine",Ukraine,,,,,,Minor,Airplane,TC-JGZ,Boeing,737,0.0,2.0,Turbo Fan,129,Business,0.0,0.0,0.0,0.0,VMC,,,26-09-2020,2019
84320,20191224X91219,0,DCA20WA044,2019-12-24,"Manchester, United Kingdom",United Kingdom,,,,,,Minor,Airplane,G-TAWG,Boeing,737,0.0,2.0,Turbo Fan,NUSC,Business,0.0,0.0,0.0,0.0,VMC,,,26-09-2020,2019
84452,20200205X02356,0,DCA20WA068,2020-02-03,"Madrid, Spain",Spain,,,,,,Minor,Airplane,C-GHOZ,Boeing,737,0.0,2.0,Turbo Fan,129,Business,0.0,0.0,0.0,0.0,VMC,,,26-09-2020,2020
84477,20200213X54754,0,DCA20WA078,2020-02-09,"East Midlands, United Kingdom",United Kingdom,,,,,,Minor,Airplane,G-DTRN,Boeing,737,0.0,2.0,Turbo Fan,UNK,Business,0.0,0.0,0.0,0.0,VMC,,,26-09-2020,2020
84878,20200707X51545,0,DCA20WA119,2020-06-11,"Banjarmasin, Indonesia",Indonesia,,,,,Non-Fatal,Minor,Airplane,PK-GML,Boeing,737,0.0,2.0,Turbo Fan,NUSC,Business,0.0,0.0,0.0,37.0,VMC,,,26-09-2020,2020
85118,20200729X63244,0,DCA20WA133,2020-07-28,"Wamena, Indonesia",Indonesia,,,,,Non-Fatal,Minor,Airplane,PK-YSZ,Boeing,737,0.0,2.0,Turbo Fan,NUSC,Business,0.0,0.0,0.0,3.0,VMC,,,26-09-2020,2020
85339,20210108102504,0,DCA21WA065,2020-09-12,"Khartoum, South Sudan",South Sudan,153522N,0323312E,KRT,Khartoum International Airport,,Minor,Airplane,C5-BDB,Boeing,737,0.0,2.0,Turbo Fan,129,Business,0.0,0.0,0.0,0.0,VMC,,,,2020
85653,20201214102413,0,DCA21WA049,2020-12-02,"Garowe, Somalia",Somalia,008250N,0048290E,GGR,Garowe,Non-Fatal,Minor,Airplane,EY-560,Boeing,737,0.0,2.0,Turbo Fan,129,Business,0.0,0.0,0.0,39.0,VMC,,,,2020
85661,20201215102417,0,ENG21WA008,2020-12-05,"Katowice, Poland",Poland,,,KTW,Katowice Airport,Non-Fatal,Minor,Airplane,LZ-CGU,Boeing,737,0.0,2.0,Turbo Fan,NUSC,Business,0.0,0.0,0.0,2.0,VMC,,,,2020
85841,20210310102739,0,ENG21WA017,2021-02-06,"Kinshasa, Central Africa",Central Africa,,,,,,Minor,Airplane,9S-AII,Boeing,737,0.0,2.0,Turbo Fan,UNK,Business,0.0,0.0,0.0,0.0,VMC,,,,2021
86601,20210726103538,1,DCA21WA185,2021-07-21,"Dubai, Turks And Caicos",Turks And Caicos,251510N,0552152E,OMDB,Dubai Al International Airport,,Minor,Airplane,A6-FER,Boeing,737,0.0,2.0,Turbo Fan,129,Business,0.0,0.0,0.0,0.0,VMC,,,,2021
87295,20220106104495,0,DCA22WA062,2022-01-04,"Isfahan, ",Iran,,,OIFM,Isfahan International Airport,,Minor,Airplane,EP-CAP,Boeing,737,0.0,2.0,Turbo Fan,NUSC,Business,0.0,0.0,0.0,0.0,VMC,,,,2022
87407,20220217104662,0,ENG22WA013,2022-02-10,"Lanseria, OF",United States,026647S,0028046E,,,Non-Fatal,Minor,Airplane,ZS-ZWD,Boeing,737,0.0,2.0,Turbo Fan,NUSC,Business,0.0,0.0,0.0,163.0,VMC,,,04-03-2022,2022
87494,20220309104748,0,DCA22WA090,2022-03-02,"Karachi, OF",Pakistan,,,JIAP,"Jinnah International Airport,",Non-Fatal,Minor,Airplane,AP-BNB,Boeing,737,0.0,2.0,Turbo Fan,NUSC,Business,0.0,0.0,0.0,115.0,VMC,,,09-06-2022,2022
87510,20220314104779,0,ENG22WA015,2022-03-07,"Lanseria, OF",South Africa,,,,,Non-Fatal,Minor,Airplane,ZS-ZWB,Boeing,737,0.0,2.0,Turbo Fan,NUSC,Business,0.0,0.0,0.0,141.0,VMC,,,07-06-2022,2022
87516,20220310104758,0,DCA22WA095,2022-03-09,"Manchester, OF",United Kingdom,,,,,Non-Fatal,Minor,Airplane,G-TAWY,Boeing,737,0.0,2.0,Turbo Fan,NUSC,Business,0.0,0.0,0.0,177.0,VMC,,,11-03-2022,2022
87732,20220510105058,0,ENG22WA024,2022-04-26,"Queensland, ",American Samoa,028952S,1533017E,YBCG,Gold Coast Aerodrome,,Minor,Airplane,VH-YFZ,Boeing,737,0.0,2.0,Turbo Fan,121,Business,0.0,0.0,0.0,0.0,VMC,,,,2022
87774,20220515105077,0,DCA22WA123,2022-05-06,"Kathmandu, ",Nepal,,,,,Non-Fatal,Minor,Airplane,9V-MGL,Boeing,737,0.0,2.0,Turbo Fan,NUSC,Business,0.0,0.0,0.0,173.0,VMC,,,20-05-2022,2022
